USERNAME,319f4d26e3c536b5dd871bb2c52e3178,SALT
USERNAME1,0f18fd4cf40bfb1dec646807c7fa5522,abcd
USERNAME2,482c811da5d5b4bc6d497ffa98491e38,1234
USERNAME3,0571749e2ac330a7455809c6b0e7af90,efgh
USERNAME4,81566e986cf8cc685a05ac5b634af7f8,5678
USERNAME5,098f6bcd4621d373cade4e832627b4f6,ijkl
USERNAME6,482c811da5d5b4bc6d497ffa98491e38,sdf2
USERNAME7,21232f297a57a5a743894a0e4a801fc3,Sa8t
USERNAME8,098f6bcd4621d373cade4e832627b4f6,HAGH
USERNAME9,900150983cd24fb0d6963f7d28e17f72,LOLW
USERNAME10,d8578edf8458ce06fbc5bb76a58c5ca4,CRAP
USERNAME,319f4d26e3c536b5dd871bb2c52e3178,SALT
USERNAME1,0f18fd4cf40bfb1dec646807c7fa5522,abcd
USERNAME2,482c811da5d5b4bc6d497ffa98491e38,1234
USERNAME3,0571749e2ac330a7455809c6b0e7af90,efgh
USERNAME4,81566e986cf8cc685a05ac5b634af7f8,5678
USERNAME5,098f6bcd4621d373cade4e832627b4f6,ijkl
USERNAME6,482c811da5d5b4bc6d497ffa98491e38,sdf2
USERNAME7,21232f297a57a5a743894a0e4a801fc3,Sa8t
USERNAME8,098f6bcd4621d373cade4e832627b4f6,HAGH
USERNAME9,900150983cd24fb0d6963f7d28e17f72,LOLW
USERNAME10,d8578edf8458ce06fbc5bb76a58c5ca4,CRAP
USERNAME,319f4d26e3c536b5dd871bb2c52e3178,SALT
USERNAME1,0f18fd4cf40bfb1dec646807c7fa5522,abcd
USERNAME2,482c811da5d5b4bc6d497ffa98491e38,1234
USERNAME3,0571749e2ac330a7455809c6b0e7af90,efgh
USERNAME4,81566e986cf8cc685a05ac5b634af7f8,5678
USERNAME5,098f6bcd4621d373cade4e832627b4f6,ijkl
USERNAME6,482c811da5d5b4bc6d497ffa98491e38,sdf2
USERNAME7,21232f297a57a5a743894a0e4a801fc3,Sa8t
USERNAME8,098f6bcd4621d373cade4e832627b4f6,HAGH
USERNAME9,900150983cd24fb0d6963f7d28e17f72,LOLW
USERNAME10,d8578edf8458ce06fbc5bb76a58c5ca4,CRAP
USERNAME,319f4d26e3c536b5dd871bb2c52e3178,SALT
USERNAME1,0f18fd4cf40bfb1dec646807c7fa5522,abcd
USERNAME2,482c811da5d5b4bc6d497ffa98491e38,1234
USERNAME3,0571749e2ac330a7455809c6b0e7af90,efgh
USERNAME4,81566e986cf8cc685a05ac5b634af7f8,5678
USERNAME5,098f6bcd4621d373cade4e832627b4f6,ijkl
USERNAME6,482c811da5d5b4bc6d497ffa98491e38,sdf2
USERNAME7,21232f297a57a5a743894a0e4a801fc3,Sa8t
USERNAME8,098f6bcd4621d373cade4e832627b4f6,HAGH
USERNAME9,900150983cd24fb0d6963f7d28e17f72,LOLW
USERNAME10,d8578edf8458ce06fbc5bb76a58c5ca4,CRAP
USERNAME,319f4d26e3c536b5dd871bb2c52e3178,SALT
USERNAME1,0f18fd4cf40bfb1dec646807c7fa5522,abcd
USERNAME2,482c811da5d5b4bc6d497ffa98491e38,1234
USERNAME3,0571749e2ac330a7455809c6b0e7af90,efgh
USERNAME4,81566e986cf8cc685a05ac5b634af7f8,5678
USERNAME5,098f6bcd4621d373cade4e832627b4f6,ijkl
USERNAME6,482c811da5d5b4bc6d497ffa98491e38,sdf2
USERNAME7,21232f297a57a5a743894a0e4a801fc3,Sa8t
USERNAME8,098f6bcd4621d373cade4e832627b4f6,HAGH
USERNAME9,900150983cd24fb0d6963f7d28e17f72,LOLW
USERNAME10,d8578edf8458ce06fbc5bb76a58c5ca4,CRAP
USERNAME,319f4d26e3c536b5dd871bb2c52e3178,SALT
USERNAME1,0f18fd4cf40bfb1dec646807c7fa5522,abcd
USERNAME2,482c811da5d5b4bc6d497ffa98491e38,1234
USERNAME3,0571749e2ac330a7455809c6b0e7af90,efgh
USERNAME4,81566e986cf8cc685a05ac5b634af7f8,5678
USERNAME5,098f6bcd4621d373cade4e832627b4f6,ijkl
USERNAME6,482c811da5d5b4bc6d497ffa98491e38,sdf2
USERNAME7,21232f297a57a5a743894a0e4a801fc3,Sa8t
USERNAME8,098f6bcd4621d373cade4e832627b4f6,HAGH
USERNAME9,900150983cd24fb0d6963f7d28e17f72,LOLW
USERNAME10,d8578edf8458ce06fbc5bb76a58c5ca4,CRAP
USERNAME,319f4d26e3c536b5dd871bb2c52e3178,SALT
USERNAME1,0f18fd4cf40bfb1dec646807c7fa5522,abcd
USERNAME2,482c811da5d5b4bc6d497ffa98491e38,1234
USERNAME3,0571749e2ac330a7455809c6b0e7af90,efgh
USERNAME4,81566e986cf8cc685a05ac5b634af7f8,5678
USERNAME5,098f6bcd4621d373cade4e832627b4f6,ijkl
USERNAME6,482c811da5d5b4bc6d497ffa98491e38,sdf2
USERNAME7,21232f297a57a5a743894a0e4a801fc3,Sa8t
USERNAME8,098f6bcd4621d373cade4e832627b4f6,HAGH
USERNAME9,900150983cd24fb0d6963f7d28e17f72,LOLW
USERNAME10,d8578edf8458ce06fbc5bb76a58c5ca4,CRAP
USERNAME,319f4d26e3c536b5dd871bb2c52e3178,SALT
USERNAME1,0f18fd4cf40bfb1dec646807c7fa5522,abcd
USERNAME2,482c811da5d5b4bc6d497ffa98491e38,1234
USERNAME3,0571749e2ac330a7455809c6b0e7af90,efgh
USERNAME4,81566e986cf8cc685a05ac5b634af7f8,5678
USERNAME5,098f6bcd4621d373cade4e832627b4f6,ijkl
USERNAME6,482c811da5d5b4bc6d497ffa98491e38,sdf2
USERNAME7,21232f297a57a5a743894a0e4a801fc3,Sa8t
USERNAME8,098f6bcd4621d373cade4e832627b4f6,HAGH
USERNAME9,900150983cd24fb0d6963f7d28e17f72,LOLW
USERNAME10,d8578edf8458ce06fbc5bb76a58c5ca4,CRAP
USERNAME,319f4d26e3c536b5dd871bb2c52e3178,SALT
USERNAME1,0f18fd4cf40bfb1dec646807c7fa5522,abcd
USERNAME2,482c811da5d5b4bc6d497ffa98491e38,1234
USERNAME3,0571749e2ac330a7455809c6b0e7af90,efgh
USERNAME4,81566e986cf8cc685a05ac5b634af7f8,5678
USERNAME5,098f6bcd4621d373cade4e832627b4f6,ijkl
USERNAME6,482c811da5d5b4bc6d497ffa98491e38,sdf2
USERNAME7,21232f297a57a5a743894a0e4a801fc3,Sa8t
USERNAME8,098f6bcd4621d373cade4e832627b4f6,HAGH
USERNAME9,900150983cd24fb0d6963f7d28e17f72,LOLW
USERNAME10,d8578edf8458ce06fbc5bb76a58c5ca4,CRAP
USERNAME,319f4d26e3c536b5dd871bb2c52e3178,SALT
USERNAME1,0f18fd4cf40bfb1dec646807c7fa5522,abcd
USERNAME2,482c811da5d5b4bc6d497ffa98491e38,1234
USERNAME3,0571749e2ac330a7455809c6b0e7af90,efgh
USERNAME4,81566e986cf8cc685a05ac5b634af7f8,5678
USERNAME5,098f6bcd4621d373cade4e832627b4f6,ijkl
USERNAME6,482c811da5d5b4bc6d497ffa98491e38,sdf2
USERNAME7,21232f297a57a5a743894a0e4a801fc3,Sa8t
USERNAME8,098f6bcd4621d373cade4e832627b4f6,HAGH
USERNAME9,900150983cd24fb0d6963f7d28e17f72,LOLW
USERNAME10,d8578edf8458ce06fbc5bb76a58c5ca4,CRAP
USERNAME,319f4d26e3c536b5dd871bb2c52e3178,SALT
USERNAME1,0f18fd4cf40bfb1dec646807c7fa5522,abcd
USERNAME2,482c811da5d5b4bc6d497ffa98491e38,1234
USERNAME3,0571749e2ac330a7455809c6b0e7af90,efgh
USERNAME4,81566e986cf8cc685a05ac5b634af7f8,5678
USERNAME5,098f6bcd4621d373cade4e832627b4f6,ijkl
USERNAME6,482c811da5d5b4bc6d497ffa98491e38,sdf2
USERNAME7,21232f297a57a5a743894a0e4a801fc3,Sa8t
USERNAME8,098f6bcd4621d373cade4e832627b4f6,HAGH
USERNAME9,900150983cd24fb0d6963f7d28e17f72,LOLW
USERNAME10,d8578edf8458ce06fbc5bb76a58c5ca4,CRAP
USERNAME,319f4d26e3c536b5dd871bb2c52e3178,SALT
USERNAME1,0f18fd4cf40bfb1dec646807c7fa5522,abcd
USERNAME2,482c811da5d5b4bc6d497ffa98491e38,1234
USERNAME3,0571749e2ac330a7455809c6b0e7af90,efgh
USERNAME4,81566e986cf8cc685a05ac5b634af7f8,5678
USERNAME5,098f6bcd4621d373cade4e832627b4f6,ijkl
USERNAME6,482c811da5d5b4bc6d497ffa98491e38,sdf2
USERNAME7,21232f297a57a5a743894a0e4a801fc3,Sa8t
USERNAME8,098f6bcd4621d373cade4e832627b4f6,HAGH
USERNAME9,900150983cd24fb0d6963f7d28e17f72,LOLW
USERNAME10,d8578edf8458ce06fbc5bb76a58c5ca4,CRAP
USERNAME,319f4d26e3c536b5dd871bb2c52e3178,SALT
USERNAME1,0f18fd4cf40bfb1dec646807c7fa5522,abcd
USERNAME2,482c811da5d5b4bc6d497ffa98491e38,1234
USERNAME3,0571749e2ac330a7455809c6b0e7af90,efgh
USERNAME4,81566e986cf8cc685a05ac5b634af7f8,5678
USERNAME5,098f6bcd4621d373cade4e832627b4f6,ijkl
USERNAME6,482c811da5d5b4bc6d497ffa98491e38,sdf2
USERNAME7,21232f297a57a5a743894a0e4a801fc3,Sa8t
USERNAME8,098f6bcd4621d373cade4e832627b4f6,HAGH
USERNAME9,900150983cd24fb0d6963f7d28e17f72,LOLW
USERNAME10,d8578edf8458ce06fbc5bb76a58c5ca4,CRAP
USERNAME,319f4d26e3c536b5dd871bb2c52e3178,SALT
USERNAME1,0f18fd4cf40bfb1dec646807c7fa5522,abcd
USERNAME2,482c811da5d5b4bc6d497ffa98491e38,1234
USERNAME3,0571749e2ac330a7455809c6b0e7af90,efgh
USERNAME4,81566e986cf8cc685a05ac5b634af7f8,5678
USERNAME5,098f6bcd4621d373cade4e832627b4f6,ijkl
USERNAME6,482c811da5d5b4bc6d497ffa98491e38,sdf2
USERNAME7,21232f297a57a5a743894a0e4a801fc3,Sa8t
USERNAME8,098f6bcd4621d373cade4e832627b4f6,HAGH
USERNAME9,900150983cd24fb0d6963f7d28e17f72,LOLW
USERNAME10,d8578edf8458ce06fbc5bb76a58c5ca4,CRAP
USERNAME,319f4d26e3c536b5dd871bb2c52e3178,SALT
USERNAME1,0f18fd4cf40bfb1dec646807c7fa5522,abcd
USERNAME2,482c811da5d5b4bc6d497ffa98491e38,1234
USERNAME3,0571749e2ac330a7455809c6b0e7af90,efgh
USERNAME4,81566e986cf8cc685a05ac5b634af7f8,5678
USERNAME5,098f6bcd4621d373cade4e832627b4f6,ijkl
USERNAME6,482c811da5d5b4bc6d497ffa98491e38,sdf2
USERNAME7,21232f297a57a5a743894a0e4a801fc3,Sa8t
USERNAME8,098f6bcd4621d373cade4e832627b4f6,HAGH
USERNAME9,900150983cd24fb0d6963f7d28e17f72,LOLW
USERNAME10,d8578edf8458ce06fbc5bb76a58c5ca4,CRAP
USERNAME,319f4d26e3c536b5dd871bb2c52e3178,SALT
USERNAME1,0f18fd4cf40bfb1dec646807c7fa5522,abcd
USERNAME2,482c811da5d5b4bc6d497ffa98491e38,1234
USERNAME3,0571749e2ac330a7455809c6b0e7af90,efgh
USERNAME4,81566e986cf8cc685a05ac5b634af7f8,5678
USERNAME5,098f6bcd4621d373cade4e832627b4f6,ijkl
USERNAME6,482c811da5d5b4bc6d497ffa98491e38,sdf2
USERNAME7,21232f297a57a5a743894a0e4a801fc3,Sa8t
USERNAME8,098f6bcd4621d373cade4e832627b4f6,HAGH
USERNAME9,900150983cd24fb0d6963f7d28e17f72,LOLW
USERNAME10,d8578edf8458ce06fbc5bb76a58c5ca4,CRAP
USERNAME,319f4d26e3c536b5dd871bb2c52e3178,SALT
USERNAME1,0f18fd4cf40bfb1dec646807c7fa5522,abcd
USERNAME2,482c811da5d5b4bc6d497ffa98491e38,1234
USERNAME3,0571749e2ac330a7455809c6b0e7af90,efgh
USERNAME4,81566e986cf8cc685a05ac5b634af7f8,5678
USERNAME5,098f6bcd4621d373cade4e832627b4f6,ijkl
USERNAME6,482c811da5d5b4bc6d497ffa98491e38,sdf2
USERNAME7,21232f297a57a5a743894a0e4a801fc3,Sa8t
USERNAME8,098f6bcd4621d373cade4e832627b4f6,HAGH
USERNAME9,900150983cd24fb0d6963f7d28e17f72,LOLW
USERNAME10,d8578edf8458ce06fbc5bb76a58c5ca4,CRAP
USERNAME,319f4d26e3c536b5dd871bb2c52e3178,SALT
USERNAME1,0f18fd4cf40bfb1dec646807c7fa5522,abcd
USERNAME2,482c811da5d5b4bc6d497ffa98491e38,1234
USERNAME3,0571749e2ac330a7455809c6b0e7af90,efgh
USERNAME4,81566e986cf8cc685a05ac5b634af7f8,5678
USERNAME5,098f6bcd4621d373cade4e832627b4f6,ijkl
USERNAME6,482c811da5d5b4bc6d497ffa98491e38,sdf2
USERNAME7,21232f297a57a5a743894a0e4a801fc3,Sa8t
USERNAME8,098f6bcd4621d373cade4e832627b4f6,HAGH
USERNAME9,900150983cd24fb0d6963f7d28e17f72,LOLW
USERNAME10,d8578edf8458ce06fbc5bb76a58c5ca4,CRAP
USERNAME,319f4d26e3c536b5dd871bb2c52e3178,SALT
USERNAME1,0f18fd4cf40bfb1dec646807c7fa5522,abcd
USERNAME2,482c811da5d5b4bc6d497ffa98491e38,1234
USERNAME3,0571749e2ac330a7455809c6b0e7af90,efgh
USERNAME4,81566e986cf8cc685a05ac5b634af7f8,5678
USERNAME5,098f6bcd4621d373cade4e832627b4f6,ijkl
USERNAME6,482c811da5d5b4bc6d497ffa98491e38,sdf2
USERNAME7,21232f297a57a5a743894a0e4a801fc3,Sa8t
USERNAME8,098f6bcd4621d373cade4e832627b4f6,HAGH
USERNAME9,900150983cd24fb0d6963f7d28e17f72,LOLW
USERNAME10,d8578edf8458ce06fbc5bb76a58c5ca4,CRAP
USERNAME,319f4d26e3c536b5dd871bb2c52e3178,SALT
USERNAME1,0f18fd4cf40bfb1dec646807c7fa5522,abcd
USERNAME2,482c811da5d5b4bc6d497ffa98491e38,1234
USERNAME3,0571749e2ac330a7455809c6b0e7af90,efgh
USERNAME4,81566e986cf8cc685a05ac5b634af7f8,5678
USERNAME5,098f6bcd4621d373cade4e832627b4f6,ijkl
USERNAME6,482c811da5d5b4bc6d497ffa98491e38,sdf2
USERNAME7,21232f297a57a5a743894a0e4a801fc3,Sa8t
USERNAME8,098f6bcd4621d373cade4e832627b4f6,HAGH
USERNAME9,900150983cd24fb0d6963f7d28e17f72,LOLW
USERNAME10,d8578edf8458ce06fbc5bb76a58c5ca4,CRAP
USERNAME,319f4d26e3c536b5dd871bb2c52e3178,SALT
USERNAME1,0f18fd4cf40bfb1dec646807c7fa5522,abcd
USERNAME2,482c811da5d5b4bc6d497ffa98491e38,1234
USERNAME3,0571749e2ac330a7455809c6b0e7af90,efgh
USERNAME4,81566e986cf8cc685a05ac5b634af7f8,5678
USERNAME5,098f6bcd4621d373cade4e832627b4f6,ijkl
USERNAME6,482c811da5d5b4bc6d497ffa98491e38,sdf2
USERNAME7,21232f297a57a5a743894a0e4a801fc3,Sa8t
USERNAME8,098f6bcd4621d373cade4e832627b4f6,HAGH
USERNAME9,900150983cd24fb0d6963f7d28e17f72,LOLW
USERNAME10,d8578edf8458ce06fbc5bb76a58c5ca4,CRAP
USERNAME,319f4d26e3c536b5dd871bb2c52e3178,SALT
USERNAME1,0f18fd4cf40bfb1dec646807c7fa5522,abcd
USERNAME2,482c811da5d5b4bc6d497ffa98491e38,1234
USERNAME3,0571749e2ac330a7455809c6b0e7af90,efgh
USERNAME4,81566e986cf8cc685a05ac5b634af7f8,5678
USERNAME5,098f6bcd4621d373cade4e832627b4f6,ijkl
USERNAME6,482c811da5d5b4bc6d497ffa98491e38,sdf2
USERNAME7,21232f297a57a5a743894a0e4a801fc3,Sa8t
USERNAME8,098f6bcd4621d373cade4e832627b4f6,HAGH
USERNAME9,900150983cd24fb0d6963f7d28e17f72,LOLW
USERNAME10,d8578edf8458ce06fbc5bb76a58c5ca4,CRAP
USERNAME,319f4d26e3c536b5dd871bb2c52e3178,SALT
USERNAME1,0f18fd4cf40bfb1dec646807c7fa5522,abcd
USERNAME2,482c811da5d5b4bc6d497ffa98491e38,1234
USERNAME3,0571749e2ac330a7455809c6b0e7af90,efgh
USERNAME4,81566e986cf8cc685a05ac5b634af7f8,5678
USERNAME5,098f6bcd4621d373cade4e832627b4f6,ijkl
USERNAME6,482c811da5d5b4bc6d497ffa98491e38,sdf2
USERNAME7,21232f297a57a5a743894a0e4a801fc3,Sa8t
USERNAME8,098f6bcd4621d373cade4e832627b4f6,HAGH
USERNAME9,900150983cd24fb0d6963f7d28e17f72,LOLW
USERNAME10,d8578edf8458ce06fbc5bb76a58c5ca4,CRAP
USERNAME,319f4d26e3c536b5dd871bb2c52e3178,SALT
USERNAME1,0f18fd4cf40bfb1dec646807c7fa5522,abcd
USERNAME2,482c811da5d5b4bc6d497ffa98491e38,1234
USERNAME3,0571749e2ac330a7455809c6b0e7af90,efgh
USERNAME4,81566e986cf8cc685a05ac5b634af7f8,5678
USERNAME5,098f6bcd4621d373cade4e832627b4f6,ijkl
USERNAME6,482c811da5d5b4bc6d497ffa98491e38,sdf2
USERNAME7,21232f297a57a5a743894a0e4a801fc3,Sa8t
USERNAME8,098f6bcd4621d373cade4e832627b4f6,HAGH
USERNAME9,900150983cd24fb0d6963f7d28e17f72,LOLW
USERNAME10,d8578edf8458ce06fbc5bb76a58c5ca4,CRAP
USERNAME,319f4d26e3c536b5dd871bb2c52e3178,SALT
USERNAME1,0f18fd4cf40bfb1dec646807c7fa5522,abcd
USERNAME2,482c811da5d5b4bc6d497ffa98491e38,1234
USERNAME3,0571749e2ac330a7455809c6b0e7af90,efgh
USERNAME4,81566e986cf8cc685a05ac5b634af7f8,5678
USERNAME5,098f6bcd4621d373cade4e832627b4f6,ijkl
USERNAME6,482c811da5d5b4bc6d497ffa98491e38,sdf2
USERNAME7,21232f297a57a5a743894a0e4a801fc3,Sa8t
USERNAME8,098f6bcd4621d373cade4e832627b4f6,HAGH
USERNAME9,900150983cd24fb0d6963f7d28e17f72,LOLW
USERNAME10,d8578edf8458ce06fbc5bb76a58c5ca4,CRAP
USERNAME,319f4d26e3c536b5dd871bb2c52e3178,SALT
USERNAME1,0f18fd4cf40bfb1dec646807c7fa5522,abcd
USERNAME2,482c811da5d5b4bc6d497ffa98491e38,1234
USERNAME3,0571749e2ac330a7455809c6b0e7af90,efgh
USERNAME4,81566e986cf8cc685a05ac5b634af7f8,5678
USERNAME5,098f6bcd4621d373cade4e832627b4f6,ijkl
USERNAME6,482c811da5d5b4bc6d497ffa98491e38,sdf2
USERNAME7,21232f297a57a5a743894a0e4a801fc3,Sa8t
USERNAME8,098f6bcd4621d373cade4e832627b4f6,HAGH
USERNAME9,900150983cd24fb0d6963f7d28e17f72,LOLW
USERNAME10,d8578edf8458ce06fbc5bb76a58c5ca4,CRAP
USERNAME,319f4d26e3c536b5dd871bb2c52e3178,SALT
USERNAME1,0f18fd4cf40bfb1dec646807c7fa5522,abcd
USERNAME2,482c811da5d5b4bc6d497ffa98491e38,1234
USERNAME3,0571749e2ac330a7455809c6b0e7af90,efgh
USERNAME4,81566e986cf8cc685a05ac5b634af7f8,5678
USERNAME5,098f6bcd4621d373cade4e832627b4f6,ijkl
USERNAME6,482c811da5d5b4bc6d497ffa98491e38,sdf2
USERNAME7,21232f297a57a5a743894a0e4a801fc3,Sa8t
USERNAME8,098f6bcd4621d373cade4e832627b4f6,HAGH
USERNAME9,900150983cd24fb0d6963f7d28e17f72,LOLW
USERNAME10,d8578edf8458ce06fbc5bb76a58c5ca4,CRAP
USERNAME,319f4d26e3c536b5dd871bb2c52e3178,SALT
USERNAME1,0f18fd4cf40bfb1dec646807c7fa5522,abcd
USERNAME2,482c811da5d5b4bc6d497ffa98491e38,1234
USERNAME3,0571749e2ac330a7455809c6b0e7af90,efgh
USERNAME4,81566e986cf8cc685a05ac5b634af7f8,5678
USERNAME5,098f6bcd4621d373cade4e832627b4f6,ijkl
USERNAME6,482c811da5d5b4bc6d497ffa98491e38,sdf2
USERNAME7,21232f297a57a5a743894a0e4a801fc3,Sa8t
USERNAME8,098f6bcd4621d373cade4e832627b4f6,HAGH
USERNAME9,900150983cd24fb0d6963f7d28e17f72,LOLW
USERNAME10,d8578edf8458ce06fbc5bb76a58c5ca4,CRAP
USERNAME,319f4d26e3c536b5dd871bb2c52e3178,SALT
USERNAME1,0f18fd4cf40bfb1dec646807c7fa5522,abcd
USERNAME2,482c811da5d5b4bc6d497ffa98491e38,1234
USERNAME3,0571749e2ac330a7455809c6b0e7af90,efgh
USERNAME4,81566e986cf8cc685a05ac5b634af7f8,5678
USERNAME5,098f6bcd4621d373cade4e832627b4f6,ijkl
USERNAME6,482c811da5d5b4bc6d497ffa98491e38,sdf2
USERNAME7,21232f297a57a5a743894a0e4a801fc3,Sa8t
USERNAME8,098f6bcd4621d373cade4e832627b4f6,HAGH
USERNAME9,900150983cd24fb0d6963f7d28e17f72,LOLW
USERNAME10,d8578edf8458ce06fbc5bb76a58c5ca4,CRAP
USERNAME,319f4d26e3c536b5dd871bb2c52e3178,SALT
USERNAME1,0f18fd4cf40bfb1dec646807c7fa5522,abcd
USERNAME2,482c811da5d5b4bc6d497ffa98491e38,1234
USERNAME3,0571749e2ac330a7455809c6b0e7af90,efgh
USERNAME4,81566e986cf8cc685a05ac5b634af7f8,5678
USERNAME5,098f6bcd4621d373cade4e832627b4f6,ijkl
USERNAME6,482c811da5d5b4bc6d497ffa98491e38,sdf2
USERNAME7,21232f297a57a5a743894a0e4a801fc3,Sa8t
USERNAME8,098f6bcd4621d373cade4e832627b4f6,HAGH
USERNAME9,900150983cd24fb0d6963f7d28e17f72,LOLW
USERNAME10,d8578edf8458ce06fbc5bb76a58c5ca4,CRAP
USERNAME,319f4d26e3c536b5dd871bb2c52e3178,SALT
USERNAME1,0f18fd4cf40bfb1dec646807c7fa5522,abcd
USERNAME2,482c811da5d5b4bc6d497ffa98491e38,1234
USERNAME3,0571749e2ac330a7455809c6b0e7af90,efgh
USERNAME4,81566e986cf8cc685a05ac5b634af7f8,5678
USERNAME5,098f6bcd4621d373cade4e832627b4f6,ijkl
USERNAME6,482c811da5d5b4bc6d497ffa98491e38,sdf2
USERNAME7,21232f297a57a5a743894a0e4a801fc3,Sa8t
USERNAME8,098f6bcd4621d373cade4e832627b4f6,HAGH
USERNAME9,900150983cd24fb0d6963f7d28e17f72,LOLW
USERNAME10,d8578edf8458ce06fbc5bb76a58c5ca4,CRAP
USERNAME,319f4d26e3c536b5dd871bb2c52e3178,SALT
USERNAME1,0f18fd4cf40bfb1dec646807c7fa5522,abcd
USERNAME2,482c811da5d5b4bc6d497ffa98491e38,1234
USERNAME3,0571749e2ac330a7455809c6b0e7af90,efgh
USERNAME4,81566e986cf8cc685a05ac5b634af7f8,5678
USERNAME5,098f6bcd4621d373cade4e832627b4f6,ijkl
USERNAME6,482c811da5d5b4bc6d497ffa98491e38,sdf2
USERNAME7,21232f297a57a5a743894a0e4a801fc3,Sa8t
USERNAME8,098f6bcd4621d373cade4e832627b4f6,HAGH
USERNAME9,900150983cd24fb0d6963f7d28e17f72,LOLW
USERNAME10,d8578edf8458ce06fbc5bb76a58c5ca4,CRAP
USERNAME,319f4d26e3c536b5dd871bb2c52e3178,SALT
USERNAME1,0f18fd4cf40bfb1dec646807c7fa5522,abcd
USERNAME2,482c811da5d5b4bc6d497ffa98491e38,1234
USERNAME3,0571749e2ac330a7455809c6b0e7af90,efgh
USERNAME4,81566e986cf8cc685a05ac5b634af7f8,5678
USERNAME5,098f6bcd4621d373cade4e832627b4f6,ijkl
USERNAME6,482c811da5d5b4bc6d497ffa98491e38,sdf2
USERNAME7,21232f297a57a5a743894a0e4a801fc3,Sa8t
USERNAME8,098f6bcd4621d373cade4e832627b4f6,HAGH
USERNAME9,900150983cd24fb0d6963f7d28e17f72,LOLW
USERNAME10,d8578edf8458ce06fbc5bb76a58c5ca4,CRAP
USERNAME,319f4d26e3c536b5dd871bb2c52e3178,SALT
USERNAME1,0f18fd4cf40bfb1dec646807c7fa5522,abcd
USERNAME2,482c811da5d5b4bc6d497ffa98491e38,1234
USERNAME3,0571749e2ac330a7455809c6b0e7af90,efgh
USERNAME4,81566e986cf8cc685a05ac5b634af7f8,5678
USERNAME5,098f6bcd4621d373cade4e832627b4f6,ijkl
USERNAME6,482c811da5d5b4bc6d497ffa98491e38,sdf2
USERNAME7,21232f297a57a5a743894a0e4a801fc3,Sa8t
USERNAME8,098f6bcd4621d373cade4e832627b4f6,HAGH
USERNAME9,900150983cd24fb0d6963f7d28e17f72,LOLW
USERNAME10,d8578edf8458ce06fbc5bb76a58c5ca4,CRAP
USERNAME,319f4d26e3c536b5dd871bb2c52e3178,SALT
USERNAME1,0f18fd4cf40bfb1dec646807c7fa5522,abcd
USERNAME2,482c811da5d5b4bc6d497ffa98491e38,1234
USERNAME3,0571749e2ac330a7455809c6b0e7af90,efgh
USERNAME4,81566e986cf8cc685a05ac5b634af7f8,5678
USERNAME5,098f6bcd4621d373cade4e832627b4f6,ijkl
USERNAME6,482c811da5d5b4bc6d497ffa98491e38,sdf2
USERNAME7,21232f297a57a5a743894a0e4a801fc3,Sa8t
USERNAME8,098f6bcd4621d373cade4e832627b4f6,HAGH
USERNAME9,900150983cd24fb0d6963f7d28e17f72,LOLW
USERNAME10,d8578edf8458ce06fbc5bb76a58c5ca4,CRAP
USERNAME,319f4d26e3c536b5dd871bb2c52e3178,SALT
USERNAME1,0f18fd4cf40bfb1dec646807c7fa5522,abcd
USERNAME2,482c811da5d5b4bc6d497ffa98491e38,1234
USERNAME3,0571749e2ac330a7455809c6b0e7af90,efgh
USERNAME4,81566e986cf8cc685a05ac5b634af7f8,5678
USERNAME5,098f6bcd4621d373cade4e832627b4f6,ijkl
USERNAME6,482c811da5d5b4bc6d497ffa98491e38,sdf2
USERNAME7,21232f297a57a5a743894a0e4a801fc3,Sa8t
USERNAME8,098f6bcd4621d373cade4e832627b4f6,HAGH
USERNAME9,900150983cd24fb0d6963f7d28e17f72,LOLW
USERNAME10,d8578edf8458ce06fbc5bb76a58c5ca4,CRAP
USERNAME,319f4d26e3c536b5dd871bb2c52e3178,SALT
USERNAME1,0f18fd4cf40bfb1dec646807c7fa5522,abcd
USERNAME2,482c811da5d5b4bc6d497ffa98491e38,1234
USERNAME3,0571749e2ac330a7455809c6b0e7af90,efgh
USERNAME4,81566e986cf8cc685a05ac5b634af7f8,5678
USERNAME5,098f6bcd4621d373cade4e832627b4f6,ijkl
USERNAME6,482c811da5d5b4bc6d497ffa98491e38,sdf2
USERNAME7,21232f297a57a5a743894a0e4a801fc3,Sa8t
USERNAME8,098f6bcd4621d373cade4e832627b4f6,HAGH
USERNAME9,900150983cd24fb0d6963f7d28e17f72,LOLW
USERNAME10,d8578edf8458ce06fbc5bb76a58c5ca4,CRAP
USERNAME,319f4d26e3c536b5dd871bb2c52e3178,SALT
USERNAME1,0f18fd4cf40bfb1dec646807c7fa5522,abcd
USERNAME2,482c811da5d5b4bc6d497ffa98491e38,1234
USERNAME3,0571749e2ac330a7455809c6b0e7af90,efgh
USERNAME4,81566e986cf8cc685a05ac5b634af7f8,5678
USERNAME5,098f6bcd4621d373cade4e832627b4f6,ijkl
USERNAME6,482c811da5d5b4bc6d497ffa98491e38,sdf2
USERNAME7,21232f297a57a5a743894a0e4a801fc3,Sa8t
USERNAME8,098f6bcd4621d373cade4e832627b4f6,HAGH
USERNAME9,900150983cd24fb0d6963f7d28e17f72,LOLW
USERNAME10,d8578edf8458ce06fbc5bb76a58c5ca4,CRAP
USERNAME,319f4d26e3c536b5dd871bb2c52e3178,SALT
USERNAME1,0f18fd4cf40bfb1dec646807c7fa5522,abcd
USERNAME2,482c811da5d5b4bc6d497ffa98491e38,1234
USERNAME3,0571749e2ac330a7455809c6b0e7af90,efgh
USERNAME4,81566e986cf8cc685a05ac5b634af7f8,5678
USERNAME5,098f6bcd4621d373cade4e832627b4f6,ijkl
USERNAME6,482c811da5d5b4bc6d497ffa98491e38,sdf2
USERNAME7,21232f297a57a5a743894a0e4a801fc3,Sa8t
USERNAME8,098f6bcd4621d373cade4e832627b4f6,HAGH
USERNAME9,900150983cd24fb0d6963f7d28e17f72,LOLW
USERNAME10,d8578edf8458ce06fbc5bb76a58c5ca4,CRAP
USERNAME,319f4d26e3c536b5dd871bb2c52e3178,SALT
USERNAME1,0f18fd4cf40bfb1dec646807c7fa5522,abcd
USERNAME2,482c811da5d5b4bc6d497ffa98491e38,1234
USERNAME3,0571749e2ac330a7455809c6b0e7af90,efgh
USERNAME4,81566e986cf8cc685a05ac5b634af7f8,5678
USERNAME5,098f6bcd4621d373cade4e832627b4f6,ijkl
USERNAME6,482c811da5d5b4bc6d497ffa98491e38,sdf2
USERNAME7,21232f297a57a5a743894a0e4a801fc3,Sa8t
USERNAME8,098f6bcd4621d373cade4e832627b4f6,HAGH
USERNAME9,900150983cd24fb0d6963f7d28e17f72,LOLW
USERNAME10,d8578edf8458ce06fbc5bb76a58c5ca4,CRAP
USERNAME,319f4d26e3c536b5dd871bb2c52e3178,SALT
USERNAME1,0f18fd4cf40bfb1dec646807c7fa5522,abcd
USERNAME2,482c811da5d5b4bc6d497ffa98491e38,1234
USERNAME3,0571749e2ac330a7455809c6b0e7af90,efgh
USERNAME4,81566e986cf8cc685a05ac5b634af7f8,5678
USERNAME5,098f6bcd4621d373cade4e832627b4f6,ijkl
USERNAME6,482c811da5d5b4bc6d497ffa98491e38,sdf2
USERNAME7,21232f297a57a5a743894a0e4a801fc3,Sa8t
USERNAME8,098f6bcd4621d373cade4e832627b4f6,HAGH
USERNAME9,900150983cd24fb0d6963f7d28e17f72,LOLW
USERNAME10,d8578edf8458ce06fbc5bb76a58c5ca4,CRAP
USERNAME,319f4d26e3c536b5dd871bb2c52e3178,SALT
USERNAME1,0f18fd4cf40bfb1dec646807c7fa5522,abcd
USERNAME2,482c811da5d5b4bc6d497ffa98491e38,1234
USERNAME3,0571749e2ac330a7455809c6b0e7af90,efgh
USERNAME4,81566e986cf8cc685a05ac5b634af7f8,5678
USERNAME5,098f6bcd4621d373cade4e832627b4f6,ijkl
USERNAME6,482c811da5d5b4bc6d497ffa98491e38,sdf2
USERNAME7,21232f297a57a5a743894a0e4a801fc3,Sa8t
USERNAME8,098f6bcd4621d373cade4e832627b4f6,HAGH
USERNAME9,900150983cd24fb0d6963f7d28e17f72,LOLW
USERNAME10,d8578edf8458ce06fbc5bb76a58c5ca4,CRAP
USERNAME,319f4d26e3c536b5dd871bb2c52e3178,SALT
USERNAME1,0f18fd4cf40bfb1dec646807c7fa5522,abcd
USERNAME2,482c811da5d5b4bc6d497ffa98491e38,1234
USERNAME3,0571749e2ac330a7455809c6b0e7af90,efgh
USERNAME4,81566e986cf8cc685a05ac5b634af7f8,5678
USERNAME5,098f6bcd4621d373cade4e832627b4f6,ijkl
USERNAME6,482c811da5d5b4bc6d497ffa98491e38,sdf2
USERNAME7,21232f297a57a5a743894a0e4a801fc3,Sa8t
USERNAME8,098f6bcd4621d373cade4e832627b4f6,HAGH
USERNAME9,900150983cd24fb0d6963f7d28e17f72,LOLW
USERNAME10,d8578edf8458ce06fbc5bb76a58c5ca4,CRAP
USERNAME,319f4d26e3c536b5dd871bb2c52e3178,SALT
USERNAME1,0f18fd4cf40bfb1dec646807c7fa5522,abcd
USERNAME2,482c811da5d5b4bc6d497ffa98491e38,1234
USERNAME3,0571749e2ac330a7455809c6b0e7af90,efgh
USERNAME4,81566e986cf8cc685a05ac5b634af7f8,5678
USERNAME5,098f6bcd4621d373cade4e832627b4f6,ijkl
USERNAME6,482c811da5d5b4bc6d497ffa98491e38,sdf2
USERNAME7,21232f297a57a5a743894a0e4a801fc3,Sa8t
USERNAME8,098f6bcd4621d373cade4e832627b4f6,HAGH
USERNAME9,900150983cd24fb0d6963f7d28e17f72,LOLW
USERNAME10,d8578edf8458ce06fbc5bb76a58c5ca4,CRAP
USERNAME,319f4d26e3c536b5dd871bb2c52e3178,SALT
USERNAME1,0f18fd4cf40bfb1dec646807c7fa5522,abcd
USERNAME2,482c811da5d5b4bc6d497ffa98491e38,1234
USERNAME3,0571749e2ac330a7455809c6b0e7af90,efgh
USERNAME4,81566e986cf8cc685a05ac5b634af7f8,5678
USERNAME5,098f6bcd4621d373cade4e832627b4f6,ijkl
USERNAME6,482c811da5d5b4bc6d497ffa98491e38,sdf2
USERNAME7,21232f297a57a5a743894a0e4a801fc3,Sa8t
USERNAME8,098f6bcd4621d373cade4e832627b4f6,HAGH
USERNAME9,900150983cd24fb0d6963f7d28e17f72,LOLW
USERNAME10,d8578edf8458ce06fbc5bb76a58c5ca4,CRAP
USERNAME,319f4d26e3c536b5dd871bb2c52e3178,SALT
USERNAME1,0f18fd4cf40bfb1dec646807c7fa5522,abcd
USERNAME2,482c811da5d5b4bc6d497ffa98491e38,1234
USERNAME3,0571749e2ac330a7455809c6b0e7af90,efgh
USERNAME4,81566e986cf8cc685a05ac5b634af7f8,5678
USERNAME5,098f6bcd4621d373cade4e832627b4f6,ijkl
USERNAME6,482c811da5d5b4bc6d497ffa98491e38,sdf2
USERNAME7,21232f297a57a5a743894a0e4a801fc3,Sa8t
USERNAME8,098f6bcd4621d373cade4e832627b4f6,HAGH
USERNAME9,900150983cd24fb0d6963f7d28e17f72,LOLW
USERNAME10,d8578edf8458ce06fbc5bb76a58c5ca4,CRAP
USERNAME,319f4d26e3c536b5dd871bb2c52e3178,SALT
USERNAME1,0f18fd4cf40bfb1dec646807c7fa5522,abcd
USERNAME2,482c811da5d5b4bc6d497ffa98491e38,1234
USERNAME3,0571749e2ac330a7455809c6b0e7af90,efgh
USERNAME4,81566e986cf8cc685a05ac5b634af7f8,5678
USERNAME5,098f6bcd4621d373cade4e832627b4f6,ijkl
USERNAME6,482c811da5d5b4bc6d497ffa98491e38,sdf2
USERNAME7,21232f297a57a5a743894a0e4a801fc3,Sa8t
USERNAME8,098f6bcd4621d373cade4e832627b4f6,HAGH
USERNAME9,900150983cd24fb0d6963f7d28e17f72,LOLW
USERNAME10,d8578edf8458ce06fbc5bb76a58c5ca4,CRAP
USERNAME,319f4d26e3c536b5dd871bb2c52e3178,SALT
USERNAME1,0f18fd4cf40bfb1dec646807c7fa5522,abcd
USERNAME2,482c811da5d5b4bc6d497ffa98491e38,1234
USERNAME3,0571749e2ac330a7455809c6b0e7af90,efgh
USERNAME4,81566e986cf8cc685a05ac5b634af7f8,5678
USERNAME5,098f6bcd4621d373cade4e832627b4f6,ijkl
USERNAME6,482c811da5d5b4bc6d497ffa98491e38,sdf2
USERNAME7,21232f297a57a5a743894a0e4a801fc3,Sa8t
USERNAME8,098f6bcd4621d373cade4e832627b4f6,HAGH
USERNAME9,900150983cd24fb0d6963f7d28e17f72,LOLW
USERNAME10,d8578edf8458ce06fbc5bb76a58c5ca4,CRAP
USERNAME,319f4d26e3c536b5dd871bb2c52e3178,SALT
USERNAME1,0f18fd4cf40bfb1dec646807c7fa5522,abcd
USERNAME2,482c811da5d5b4bc6d497ffa98491e38,1234
USERNAME3,0571749e2ac330a7455809c6b0e7af90,efgh
USERNAME4,81566e986cf8cc685a05ac5b634af7f8,5678
USERNAME5,098f6bcd4621d373cade4e832627b4f6,ijkl
USERNAME6,482c811da5d5b4bc6d497ffa98491e38,sdf2
USERNAME7,21232f297a57a5a743894a0e4a801fc3,Sa8t
USERNAME8,098f6bcd4621d373cade4e832627b4f6,HAGH
USERNAME9,900150983cd24fb0d6963f7d28e17f72,LOLW
USERNAME10,d8578edf8458ce06fbc5bb76a58c5ca4,CRAP
USERNAME,319f4d26e3c536b5dd871bb2c52e3178,SALT
USERNAME1,0f18fd4cf40bfb1dec646807c7fa5522,abcd
USERNAME2,482c811da5d5b4bc6d497ffa98491e38,1234
USERNAME3,0571749e2ac330a7455809c6b0e7af90,efgh
USERNAME4,81566e986cf8cc685a05ac5b634af7f8,5678
USERNAME5,098f6bcd4621d373cade4e832627b4f6,ijkl
USERNAME6,482c811da5d5b4bc6d497ffa98491e38,sdf2
USERNAME7,21232f297a57a5a743894a0e4a801fc3,Sa8t
USERNAME8,098f6bcd4621d373cade4e832627b4f6,HAGH
USERNAME9,900150983cd24fb0d6963f7d28e17f72,LOLW
USERNAME10,d8578edf8458ce06fbc5bb76a58c5ca4,CRAP
USERNAME,319f4d26e3c536b5dd871bb2c52e3178,SALT
USERNAME1,0f18fd4cf40bfb1dec646807c7fa5522,abcd
USERNAME2,482c811da5d5b4bc6d497ffa98491e38,1234
USERNAME3,0571749e2ac330a7455809c6b0e7af90,efgh
USERNAME4,81566e986cf8cc685a05ac5b634af7f8,5678
USERNAME5,098f6bcd4621d373cade4e832627b4f6,ijkl
USERNAME6,482c811da5d5b4bc6d497ffa98491e38,sdf2
USERNAME7,21232f297a57a5a743894a0e4a801fc3,Sa8t
USERNAME8,098f6bcd4621d373cade4e832627b4f6,HAGH
USERNAME9,900150983cd24fb0d6963f7d28e17f72,LOLW
USERNAME10,d8578edf8458ce06fbc5bb76a58c5ca4,CRAP
USERNAME,319f4d26e3c536b5dd871bb2c52e3178,SALT
USERNAME1,0f18fd4cf40bfb1dec646807c7fa5522,abcd
USERNAME2,482c811da5d5b4bc6d497ffa98491e38,1234
USERNAME3,0571749e2ac330a7455809c6b0e7af90,efgh
USERNAME4,81566e986cf8cc685a05ac5b634af7f8,5678
USERNAME5,098f6bcd4621d373cade4e832627b4f6,ijkl
USERNAME6,482c811da5d5b4bc6d497ffa98491e38,sdf2
USERNAME7,21232f297a57a5a743894a0e4a801fc3,Sa8t
USERNAME8,098f6bcd4621d373cade4e832627b4f6,HAGH
USERNAME9,900150983cd24fb0d6963f7d28e17f72,LOLW
USERNAME10,d8578edf8458ce06fbc5bb76a58c5ca4,CRAP
USERNAME,319f4d26e3c536b5dd871bb2c52e3178,SALT
USERNAME1,0f18fd4cf40bfb1dec646807c7fa5522,abcd
USERNAME2,482c811da5d5b4bc6d497ffa98491e38,1234
USERNAME3,0571749e2ac330a7455809c6b0e7af90,efgh
USERNAME4,81566e986cf8cc685a05ac5b634af7f8,5678
USERNAME5,098f6bcd4621d373cade4e832627b4f6,ijkl
USERNAME6,482c811da5d5b4bc6d497ffa98491e38,sdf2
USERNAME7,21232f297a57a5a743894a0e4a801fc3,Sa8t
USERNAME8,098f6bcd4621d373cade4e832627b4f6,HAGH
USERNAME9,900150983cd24fb0d6963f7d28e17f72,LOLW
USERNAME10,d8578edf8458ce06fbc5bb76a58c5ca4,CRAP
USERNAME,319f4d26e3c536b5dd871bb2c52e3178,SALT
USERNAME1,0f18fd4cf40bfb1dec646807c7fa5522,abcd
USERNAME2,482c811da5d5b4bc6d497ffa98491e38,1234
USERNAME3,0571749e2ac330a7455809c6b0e7af90,efgh
USERNAME4,81566e986cf8cc685a05ac5b634af7f8,5678
USERNAME5,098f6bcd4621d373cade4e832627b4f6,ijkl
USERNAME6,482c811da5d5b4bc6d497ffa98491e38,sdf2
USERNAME7,21232f297a57a5a743894a0e4a801fc3,Sa8t
USERNAME8,098f6bcd4621d373cade4e832627b4f6,HAGH
USERNAME9,900150983cd24fb0d6963f7d28e17f72,LOLW
USERNAME10,d8578edf8458ce06fbc5bb76a58c5ca4,CRAP
USERNAME,319f4d26e3c536b5dd871bb2c52e3178,SALT
USERNAME1,0f18fd4cf40bfb1dec646807c7fa5522,abcd
USERNAME2,482c811da5d5b4bc6d497ffa98491e38,1234
USERNAME3,0571749e2ac330a7455809c6b0e7af90,efgh
USERNAME4,81566e986cf8cc685a05ac5b634af7f8,5678
USERNAME5,098f6bcd4621d373cade4e832627b4f6,ijkl
USERNAME6,482c811da5d5b4bc6d497ffa98491e38,sdf2
USERNAME7,21232f297a57a5a743894a0e4a801fc3,Sa8t
USERNAME8,098f6bcd4621d373cade4e832627b4f6,HAGH
USERNAME9,900150983cd24fb0d6963f7d28e17f72,LOLW
USERNAME10,d8578edf8458ce06fbc5bb76a58c5ca4,CRAP
USERNAME,319f4d26e3c536b5dd871bb2c52e3178,SALT
USERNAME1,0f18fd4cf40bfb1dec646807c7fa5522,abcd
USERNAME2,482c811da5d5b4bc6d497ffa98491e38,1234
USERNAME3,0571749e2ac330a7455809c6b0e7af90,efgh
USERNAME4,81566e986cf8cc685a05ac5b634af7f8,5678
USERNAME5,098f6bcd4621d373cade4e832627b4f6,ijkl
USERNAME6,482c811da5d5b4bc6d497ffa98491e38,sdf2
USERNAME7,21232f297a57a5a743894a0e4a801fc3,Sa8t
USERNAME8,098f6bcd4621d373cade4e832627b4f6,HAGH
USERNAME9,900150983cd24fb0d6963f7d28e17f72,LOLW
USERNAME10,d8578edf8458ce06fbc5bb76a58c5ca4,CRAP
USERNAME,319f4d26e3c536b5dd871bb2c52e3178,SALT
USERNAME1,0f18fd4cf40bfb1dec646807c7fa5522,abcd
USERNAME2,482c811da5d5b4bc6d497ffa98491e38,1234
USERNAME3,0571749e2ac330a7455809c6b0e7af90,efgh
USERNAME4,81566e986cf8cc685a05ac5b634af7f8,5678
USERNAME5,098f6bcd4621d373cade4e832627b4f6,ijkl
USERNAME6,482c811da5d5b4bc6d497ffa98491e38,sdf2
USERNAME7,21232f297a57a5a743894a0e4a801fc3,Sa8t
USERNAME8,098f6bcd4621d373cade4e832627b4f6,HAGH
USERNAME9,900150983cd24fb0d6963f7d28e17f72,LOLW
USERNAME10,d8578edf8458ce06fbc5bb76a58c5ca4,CRAP
USERNAME,319f4d26e3c536b5dd871bb2c52e3178,SALT
USERNAME1,0f18fd4cf40bfb1dec646807c7fa5522,abcd
USERNAME2,482c811da5d5b4bc6d497ffa98491e38,1234
USERNAME3,0571749e2ac330a7455809c6b0e7af90,efgh
USERNAME4,81566e986cf8cc685a05ac5b634af7f8,5678
USERNAME5,098f6bcd4621d373cade4e832627b4f6,ijkl
USERNAME6,482c811da5d5b4bc6d497ffa98491e38,sdf2
USERNAME7,21232f297a57a5a743894a0e4a801fc3,Sa8t
USERNAME8,098f6bcd4621d373cade4e832627b4f6,HAGH
USERNAME9,900150983cd24fb0d6963f7d28e17f72,LOLW
USERNAME10,d8578edf8458ce06fbc5bb76a58c5ca4,CRAP
USERNAME,319f4d26e3c536b5dd871bb2c52e3178,SALT
USERNAME1,0f18fd4cf40bfb1dec646807c7fa5522,abcd
USERNAME2,482c811da5d5b4bc6d497ffa98491e38,1234
USERNAME3,0571749e2ac330a7455809c6b0e7af90,efgh
USERNAME4,81566e986cf8cc685a05ac5b634af7f8,5678
USERNAME5,098f6bcd4621d373cade4e832627b4f6,ijkl
USERNAME6,482c811da5d5b4bc6d497ffa98491e38,sdf2
USERNAME7,21232f297a57a5a743894a0e4a801fc3,Sa8t
USERNAME8,098f6bcd4621d373cade4e832627b4f6,HAGH
USERNAME9,900150983cd24fb0d6963f7d28e17f72,LOLW
USERNAME10,d8578edf8458ce06fbc5bb76a58c5ca4,CRAP
USERNAME,319f4d26e3c536b5dd871bb2c52e3178,SALT
USERNAME1,0f18fd4cf40bfb1dec646807c7fa5522,abcd
USERNAME2,482c811da5d5b4bc6d497ffa98491e38,1234
USERNAME3,0571749e2ac330a7455809c6b0e7af90,efgh
USERNAME4,81566e986cf8cc685a05ac5b634af7f8,5678
USERNAME5,098f6bcd4621d373cade4e832627b4f6,ijkl
USERNAME6,482c811da5d5b4bc6d497ffa98491e38,sdf2
USERNAME7,21232f297a57a5a743894a0e4a801fc3,Sa8t
USERNAME8,098f6bcd4621d373cade4e832627b4f6,HAGH
USERNAME9,900150983cd24fb0d6963f7d28e17f72,LOLW
USERNAME10,d8578edf8458ce06fbc5bb76a58c5ca4,CRAP
USERNAME,319f4d26e3c536b5dd871bb2c52e3178,SALT
USERNAME1,0f18fd4cf40bfb1dec646807c7fa5522,abcd
USERNAME2,482c811da5d5b4bc6d497ffa98491e38,1234
USERNAME3,0571749e2ac330a7455809c6b0e7af90,efgh
USERNAME4,81566e986cf8cc685a05ac5b634af7f8,5678
USERNAME5,098f6bcd4621d373cade4e832627b4f6,ijkl
USERNAME6,482c811da5d5b4bc6d497ffa98491e38,sdf2
USERNAME7,21232f297a57a5a743894a0e4a801fc3,Sa8t
USERNAME8,098f6bcd4621d373cade4e832627b4f6,HAGH
USERNAME9,900150983cd24fb0d6963f7d28e17f72,LOLW
USERNAME10,d8578edf8458ce06fbc5bb76a58c5ca4,CRAP
USERNAME,319f4d26e3c536b5dd871bb2c52e3178,SALT
USERNAME1,0f18fd4cf40bfb1dec646807c7fa5522,abcd
USERNAME2,482c811da5d5b4bc6d497ffa98491e38,1234
USERNAME3,0571749e2ac330a7455809c6b0e7af90,efgh
USERNAME4,81566e986cf8cc685a05ac5b634af7f8,5678
USERNAME5,098f6bcd4621d373cade4e832627b4f6,ijkl
USERNAME6,482c811da5d5b4bc6d497ffa98491e38,sdf2
USERNAME7,21232f297a57a5a743894a0e4a801fc3,Sa8t
USERNAME8,098f6bcd4621d373cade4e832627b4f6,HAGH
USERNAME9,900150983cd24fb0d6963f7d28e17f72,LOLW
USERNAME10,d8578edf8458ce06fbc5bb76a58c5ca4,CRAP
USERNAME,319f4d26e3c536b5dd871bb2c52e3178,SALT
USERNAME1,0f18fd4cf40bfb1dec646807c7fa5522,abcd
USERNAME2,482c811da5d5b4bc6d497ffa98491e38,1234
USERNAME3,0571749e2ac330a7455809c6b0e7af90,efgh
USERNAME4,81566e986cf8cc685a05ac5b634af7f8,5678
USERNAME5,098f6bcd4621d373cade4e832627b4f6,ijkl
USERNAME6,482c811da5d5b4bc6d497ffa98491e38,sdf2
USERNAME7,21232f297a57a5a743894a0e4a801fc3,Sa8t
USERNAME8,098f6bcd4621d373cade4e832627b4f6,HAGH
USERNAME9,900150983cd24fb0d6963f7d28e17f72,LOLW
USERNAME10,d8578edf8458ce06fbc5bb76a58c5ca4,CRAP
USERNAME,319f4d26e3c536b5dd871bb2c52e3178,SALT
USERNAME1,0f18fd4cf40bfb1dec646807c7fa5522,abcd
USERNAME2,482c811da5d5b4bc6d497ffa98491e38,1234
USERNAME3,0571749e2ac330a7455809c6b0e7af90,efgh
USERNAME4,81566e986cf8cc685a05ac5b634af7f8,5678
USERNAME5,098f6bcd4621d373cade4e832627b4f6,ijkl
USERNAME6,482c811da5d5b4bc6d497ffa98491e38,sdf2
USERNAME7,21232f297a57a5a743894a0e4a801fc3,Sa8t
USERNAME8,098f6bcd4621d373cade4e832627b4f6,HAGH
USERNAME9,900150983cd24fb0d6963f7d28e17f72,LOLW
USERNAME10,d8578edf8458ce06fbc5bb76a58c5ca4,CRAP
USERNAME,319f4d26e3c536b5dd871bb2c52e3178,SALT
USERNAME1,0f18fd4cf40bfb1dec646807c7fa5522,abcd
USERNAME2,482c811da5d5b4bc6d497ffa98491e38,1234
USERNAME3,0571749e2ac330a7455809c6b0e7af90,efgh
USERNAME4,81566e986cf8cc685a05ac5b634af7f8,5678
USERNAME5,098f6bcd4621d373cade4e832627b4f6,ijkl
USERNAME6,482c811da5d5b4bc6d497ffa98491e38,sdf2
USERNAME7,21232f297a57a5a743894a0e4a801fc3,Sa8t
USERNAME8,098f6bcd4621d373cade4e832627b4f6,HAGH
USERNAME9,900150983cd24fb0d6963f7d28e17f72,LOLW
USERNAME10,d8578edf8458ce06fbc5bb76a58c5ca4,CRAP
USERNAME,319f4d26e3c536b5dd871bb2c52e3178,SALT
USERNAME1,0f18fd4cf40bfb1dec646807c7fa5522,abcd
USERNAME2,482c811da5d5b4bc6d497ffa98491e38,1234
USERNAME3,0571749e2ac330a7455809c6b0e7af90,efgh
USERNAME4,81566e986cf8cc685a05ac5b634af7f8,5678
USERNAME5,098f6bcd4621d373cade4e832627b4f6,ijkl
USERNAME6,482c811da5d5b4bc6d497ffa98491e38,sdf2
USERNAME7,21232f297a57a5a743894a0e4a801fc3,Sa8t
USERNAME8,098f6bcd4621d373cade4e832627b4f6,HAGH
USERNAME9,900150983cd24fb0d6963f7d28e17f72,LOLW
USERNAME10,d8578edf8458ce06fbc5bb76a58c5ca4,CRAP
USERNAME,319f4d26e3c536b5dd871bb2c52e3178,SALT
USERNAME1,0f18fd4cf40bfb1dec646807c7fa5522,abcd
USERNAME2,482c811da5d5b4bc6d497ffa98491e38,1234
USERNAME3,0571749e2ac330a7455809c6b0e7af90,efgh
USERNAME4,81566e986cf8cc685a05ac5b634af7f8,5678
USERNAME5,098f6bcd4621d373cade4e832627b4f6,ijkl
USERNAME6,482c811da5d5b4bc6d497ffa98491e38,sdf2
USERNAME7,21232f297a57a5a743894a0e4a801fc3,Sa8t
USERNAME8,098f6bcd4621d373cade4e832627b4f6,HAGH
USERNAME9,900150983cd24fb0d6963f7d28e17f72,LOLW
USERNAME10,d8578edf8458ce06fbc5bb76a58c5ca4,CRAP
USERNAME,319f4d26e3c536b5dd871bb2c52e3178,SALT
USERNAME1,0f18fd4cf40bfb1dec646807c7fa5522,abcd
USERNAME2,482c811da5d5b4bc6d497ffa98491e38,1234
USERNAME3,0571749e2ac330a7455809c6b0e7af90,efgh
USERNAME4,81566e986cf8cc685a05ac5b634af7f8,5678
USERNAME5,098f6bcd4621d373cade4e832627b4f6,ijkl
USERNAME6,482c811da5d5b4bc6d497ffa98491e38,sdf2
USERNAME7,21232f297a57a5a743894a0e4a801fc3,Sa8t
USERNAME8,098f6bcd4621d373cade4e832627b4f6,HAGH
USERNAME9,900150983cd24fb0d6963f7d28e17f72,LOLW
USERNAME10,d8578edf8458ce06fbc5bb76a58c5ca4,CRAP
USERNAME,319f4d26e3c536b5dd871bb2c52e3178,SALT
USERNAME1,0f18fd4cf40bfb1dec646807c7fa5522,abcd
USERNAME2,482c811da5d5b4bc6d497ffa98491e38,1234
USERNAME3,0571749e2ac330a7455809c6b0e7af90,efgh
USERNAME4,81566e986cf8cc685a05ac5b634af7f8,5678
USERNAME5,098f6bcd4621d373cade4e832627b4f6,ijkl
USERNAME6,482c811da5d5b4bc6d497ffa98491e38,sdf2
USERNAME7,21232f297a57a5a743894a0e4a801fc3,Sa8t
USERNAME8,098f6bcd4621d373cade4e832627b4f6,HAGH
USERNAME9,900150983cd24fb0d6963f7d28e17f72,LOLW
USERNAME10,d8578edf8458ce06fbc5bb76a58c5ca4,CRAP
USERNAME,319f4d26e3c536b5dd871bb2c52e3178,SALT
USERNAME1,0f18fd4cf40bfb1dec646807c7fa5522,abcd
USERNAME2,482c811da5d5b4bc6d497ffa98491e38,1234
USERNAME3,0571749e2ac330a7455809c6b0e7af90,efgh
USERNAME4,81566e986cf8cc685a05ac5b634af7f8,5678
USERNAME5,098f6bcd4621d373cade4e832627b4f6,ijkl
USERNAME6,482c811da5d5b4bc6d497ffa98491e38,sdf2
USERNAME7,21232f297a57a5a743894a0e4a801fc3,Sa8t
USERNAME8,098f6bcd4621d373cade4e832627b4f6,HAGH
USERNAME9,900150983cd24fb0d6963f7d28e17f72,LOLW
USERNAME10,d8578edf8458ce06fbc5bb76a58c5ca4,CRAP
USERNAME,319f4d26e3c536b5dd871bb2c52e3178,SALT
USERNAME1,0f18fd4cf40bfb1dec646807c7fa5522,abcd
USERNAME2,482c811da5d5b4bc6d497ffa98491e38,1234
USERNAME3,0571749e2ac330a7455809c6b0e7af90,efgh
USERNAME4,81566e986cf8cc685a05ac5b634af7f8,5678
USERNAME5,098f6bcd4621d373cade4e832627b4f6,ijkl
USERNAME6,482c811da5d5b4bc6d497ffa98491e38,sdf2
USERNAME7,21232f297a57a5a743894a0e4a801fc3,Sa8t
USERNAME8,098f6bcd4621d373cade4e832627b4f6,HAGH
USERNAME9,900150983cd24fb0d6963f7d28e17f72,LOLW
USERNAME10,d8578edf8458ce06fbc5bb76a58c5ca4,CRAP
USERNAME,319f4d26e3c536b5dd871bb2c52e3178,SALT
USERNAME1,0f18fd4cf40bfb1dec646807c7fa5522,abcd
USERNAME2,482c811da5d5b4bc6d497ffa98491e38,1234
USERNAME3,0571749e2ac330a7455809c6b0e7af90,efgh
USERNAME4,81566e986cf8cc685a05ac5b634af7f8,5678
USERNAME5,098f6bcd4621d373cade4e832627b4f6,ijkl
USERNAME6,482c811da5d5b4bc6d497ffa98491e38,sdf2
USERNAME7,21232f297a57a5a743894a0e4a801fc3,Sa8t
USERNAME8,098f6bcd4621d373cade4e832627b4f6,HAGH
USERNAME9,900150983cd24fb0d6963f7d28e17f72,LOLW
USERNAME10,d8578edf8458ce06fbc5bb76a58c5ca4,CRAP
USERNAME,319f4d26e3c536b5dd871bb2c52e3178,SALT
USERNAME1,0f18fd4cf40bfb1dec646807c7fa5522,abcd
USERNAME2,482c811da5d5b4bc6d497ffa98491e38,1234
USERNAME3,0571749e2ac330a7455809c6b0e7af90,efgh
USERNAME4,81566e986cf8cc685a05ac5b634af7f8,5678
USERNAME5,098f6bcd4621d373cade4e832627b4f6,ijkl
USERNAME6,482c811da5d5b4bc6d497ffa98491e38,sdf2
USERNAME7,21232f297a57a5a743894a0e4a801fc3,Sa8t
USERNAME8,098f6bcd4621d373cade4e832627b4f6,HAGH
USERNAME9,900150983cd24fb0d6963f7d28e17f72,LOLW
USERNAME10,d8578edf8458ce06fbc5bb76a58c5ca4,CRAP
USERNAME,319f4d26e3c536b5dd871bb2c52e3178,SALT
USERNAME1,0f18fd4cf40bfb1dec646807c7fa5522,abcd
USERNAME2,482c811da5d5b4bc6d497ffa98491e38,1234
USERNAME3,0571749e2ac330a7455809c6b0e7af90,efgh
USERNAME4,81566e986cf8cc685a05ac5b634af7f8,5678
USERNAME5,098f6bcd4621d373cade4e832627b4f6,ijkl
USERNAME6,482c811da5d5b4bc6d497ffa98491e38,sdf2
USERNAME7,21232f297a57a5a743894a0e4a801fc3,Sa8t
USERNAME8,098f6bcd4621d373cade4e832627b4f6,HAGH
USERNAME9,900150983cd24fb0d6963f7d28e17f72,LOLW
USERNAME10,d8578edf8458ce06fbc5bb76a58c5ca4,CRAP
USERNAME,319f4d26e3c536b5dd871bb2c52e3178,SALT
USERNAME1,0f18fd4cf40bfb1dec646807c7fa5522,abcd
USERNAME2,482c811da5d5b4bc6d497ffa98491e38,1234
USERNAME3,0571749e2ac330a7455809c6b0e7af90,efgh
USERNAME4,81566e986cf8cc685a05ac5b634af7f8,5678
USERNAME5,098f6bcd4621d373cade4e832627b4f6,ijkl
USERNAME6,482c811da5d5b4bc6d497ffa98491e38,sdf2
USERNAME7,21232f297a57a5a743894a0e4a801fc3,Sa8t
USERNAME8,098f6bcd4621d373cade4e832627b4f6,HAGH
USERNAME9,900150983cd24fb0d6963f7d28e17f72,LOLW
USERNAME10,d8578edf8458ce06fbc5bb76a58c5ca4,CRAP
USERNAME,319f4d26e3c536b5dd871bb2c52e3178,SALT
USERNAME1,0f18fd4cf40bfb1dec646807c7fa5522,abcd
USERNAME2,482c811da5d5b4bc6d497ffa98491e38,1234
USERNAME3,0571749e2ac330a7455809c6b0e7af90,efgh
USERNAME4,81566e986cf8cc685a05ac5b634af7f8,5678
USERNAME5,098f6bcd4621d373cade4e832627b4f6,ijkl
USERNAME6,482c811da5d5b4bc6d497ffa98491e38,sdf2
USERNAME7,21232f297a57a5a743894a0e4a801fc3,Sa8t
USERNAME8,098f6bcd4621d373cade4e832627b4f6,HAGH
USERNAME9,900150983cd24fb0d6963f7d28e17f72,LOLW
USERNAME10,d8578edf8458ce06fbc5bb76a58c5ca4,CRAP
USERNAME,319f4d26e3c536b5dd871bb2c52e3178,SALT
USERNAME1,0f18fd4cf40bfb1dec646807c7fa5522,abcd
USERNAME2,482c811da5d5b4bc6d497ffa98491e38,1234
USERNAME3,0571749e2ac330a7455809c6b0e7af90,efgh
USERNAME4,81566e986cf8cc685a05ac5b634af7f8,5678
USERNAME5,098f6bcd4621d373cade4e832627b4f6,ijkl
USERNAME6,482c811da5d5b4bc6d497ffa98491e38,sdf2
USERNAME7,21232f297a57a5a743894a0e4a801fc3,Sa8t
USERNAME8,098f6bcd4621d373cade4e832627b4f6,HAGH
USERNAME9,900150983cd24fb0d6963f7d28e17f72,LOLW
USERNAME10,d8578edf8458ce06fbc5bb76a58c5ca4,CRAP
USERNAME,319f4d26e3c536b5dd871bb2c52e3178,SALT
USERNAME1,0f18fd4cf40bfb1dec646807c7fa5522,abcd
USERNAME2,482c811da5d5b4bc6d497ffa98491e38,1234
USERNAME3,0571749e2ac330a7455809c6b0e7af90,efgh
USERNAME4,81566e986cf8cc685a05ac5b634af7f8,5678
USERNAME5,098f6bcd4621d373cade4e832627b4f6,ijkl
USERNAME6,482c811da5d5b4bc6d497ffa98491e38,sdf2
USERNAME7,21232f297a57a5a743894a0e4a801fc3,Sa8t
USERNAME8,098f6bcd4621d373cade4e832627b4f6,HAGH
USERNAME9,900150983cd24fb0d6963f7d28e17f72,LOLW
USERNAME10,d8578edf8458ce06fbc5bb76a58c5ca4,CRAP
USERNAME,319f4d26e3c536b5dd871bb2c52e3178,SALT
USERNAME1,0f18fd4cf40bfb1dec646807c7fa5522,abcd
USERNAME2,482c811da5d5b4bc6d497ffa98491e38,1234
USERNAME3,0571749e2ac330a7455809c6b0e7af90,efgh
USERNAME4,81566e986cf8cc685a05ac5b634af7f8,5678
USERNAME5,098f6bcd4621d373cade4e832627b4f6,ijkl
USERNAME6,482c811da5d5b4bc6d497ffa98491e38,sdf2
USERNAME7,21232f297a57a5a743894a0e4a801fc3,Sa8t
USERNAME8,098f6bcd4621d373cade4e832627b4f6,HAGH
USERNAME9,900150983cd24fb0d6963f7d28e17f72,LOLW
USERNAME10,d8578edf8458ce06fbc5bb76a58c5ca4,CRAP
USERNAME,319f4d26e3c536b5dd871bb2c52e3178,SALT
USERNAME1,0f18fd4cf40bfb1dec646807c7fa5522,abcd
USERNAME2,482c811da5d5b4bc6d497ffa98491e38,1234
USERNAME3,0571749e2ac330a7455809c6b0e7af90,efgh
USERNAME4,81566e986cf8cc685a05ac5b634af7f8,5678
USERNAME5,098f6bcd4621d373cade4e832627b4f6,ijkl
USERNAME6,482c811da5d5b4bc6d497ffa98491e38,sdf2
USERNAME7,21232f297a57a5a743894a0e4a801fc3,Sa8t
USERNAME8,098f6bcd4621d373cade4e832627b4f6,HAGH
USERNAME9,900150983cd24fb0d6963f7d28e17f72,LOLW
USERNAME10,d8578edf8458ce06fbc5bb76a58c5ca4,CRAP
USERNAME,319f4d26e3c536b5dd871bb2c52e3178,SALT
USERNAME1,0f18fd4cf40bfb1dec646807c7fa5522,abcd
USERNAME2,482c811da5d5b4bc6d497ffa98491e38,1234
USERNAME3,0571749e2ac330a7455809c6b0e7af90,efgh
USERNAME4,81566e986cf8cc685a05ac5b634af7f8,5678
USERNAME5,098f6bcd4621d373cade4e832627b4f6,ijkl
USERNAME6,482c811da5d5b4bc6d497ffa98491e38,sdf2
USERNAME7,21232f297a57a5a743894a0e4a801fc3,Sa8t
USERNAME8,098f6bcd4621d373cade4e832627b4f6,HAGH
USERNAME9,900150983cd24fb0d6963f7d28e17f72,LOLW
USERNAME10,d8578edf8458ce06fbc5bb76a58c5ca4,CRAP
USERNAME,319f4d26e3c536b5dd871bb2c52e3178,SALT
USERNAME1,0f18fd4cf40bfb1dec646807c7fa5522,abcd
USERNAME2,482c811da5d5b4bc6d497ffa98491e38,1234
USERNAME3,0571749e2ac330a7455809c6b0e7af90,efgh
USERNAME4,81566e986cf8cc685a05ac5b634af7f8,5678
USERNAME5,098f6bcd4621d373cade4e832627b4f6,ijkl
USERNAME6,482c811da5d5b4bc6d497ffa98491e38,sdf2
USERNAME7,21232f297a57a5a743894a0e4a801fc3,Sa8t
USERNAME8,098f6bcd4621d373cade4e832627b4f6,HAGH
USERNAME9,900150983cd24fb0d6963f7d28e17f72,LOLW
USERNAME10,d8578edf8458ce06fbc5bb76a58c5ca4,CRAP
USERNAME,319f4d26e3c536b5dd871bb2c52e3178,SALT
USERNAME1,0f18fd4cf40bfb1dec646807c7fa5522,abcd
USERNAME2,482c811da5d5b4bc6d497ffa98491e38,1234
USERNAME3,0571749e2ac330a7455809c6b0e7af90,efgh
USERNAME4,81566e986cf8cc685a05ac5b634af7f8,5678
USERNAME5,098f6bcd4621d373cade4e832627b4f6,ijkl
USERNAME6,482c811da5d5b4bc6d497ffa98491e38,sdf2
USERNAME7,21232f297a57a5a743894a0e4a801fc3,Sa8t
USERNAME8,098f6bcd4621d373cade4e832627b4f6,HAGH
USERNAME9,900150983cd24fb0d6963f7d28e17f72,LOLW
USERNAME10,d8578edf8458ce06fbc5bb76a58c5ca4,CRAP
USERNAME,319f4d26e3c536b5dd871bb2c52e3178,SALT
USERNAME1,0f18fd4cf40bfb1dec646807c7fa5522,abcd
USERNAME2,482c811da5d5b4bc6d497ffa98491e38,1234
USERNAME3,0571749e2ac330a7455809c6b0e7af90,efgh
USERNAME4,81566e986cf8cc685a05ac5b634af7f8,5678
USERNAME5,098f6bcd4621d373cade4e832627b4f6,ijkl
USERNAME6,482c811da5d5b4bc6d497ffa98491e38,sdf2
USERNAME7,21232f297a57a5a743894a0e4a801fc3,Sa8t
USERNAME8,098f6bcd4621d373cade4e832627b4f6,HAGH
USERNAME9,900150983cd24fb0d6963f7d28e17f72,LOLW
USERNAME10,d8578edf8458ce06fbc5bb76a58c5ca4,CRAP
USERNAME,319f4d26e3c536b5dd871bb2c52e3178,SALT
USERNAME1,0f18fd4cf40bfb1dec646807c7fa5522,abcd
USERNAME2,482c811da5d5b4bc6d497ffa98491e38,1234
USERNAME3,0571749e2ac330a7455809c6b0e7af90,efgh
USERNAME4,81566e986cf8cc685a05ac5b634af7f8,5678
USERNAME5,098f6bcd4621d373cade4e832627b4f6,ijkl
USERNAME6,482c811da5d5b4bc6d497ffa98491e38,sdf2
USERNAME7,21232f297a57a5a743894a0e4a801fc3,Sa8t
USERNAME8,098f6bcd4621d373cade4e832627b4f6,HAGH
USERNAME9,900150983cd24fb0d6963f7d28e17f72,LOLW
USERNAME10,d8578edf8458ce06fbc5bb76a58c5ca4,CRAP
USERNAME,319f4d26e3c536b5dd871bb2c52e3178,SALT
USERNAME1,0f18fd4cf40bfb1dec646807c7fa5522,abcd
USERNAME2,482c811da5d5b4bc6d497ffa98491e38,1234
USERNAME3,0571749e2ac330a7455809c6b0e7af90,efgh
USERNAME4,81566e986cf8cc685a05ac5b634af7f8,5678
USERNAME5,098f6bcd4621d373cade4e832627b4f6,ijkl
USERNAME6,482c811da5d5b4bc6d497ffa98491e38,sdf2
USERNAME7,21232f297a57a5a743894a0e4a801fc3,Sa8t
USERNAME8,098f6bcd4621d373cade4e832627b4f6,HAGH
USERNAME9,900150983cd24fb0d6963f7d28e17f72,LOLW
USERNAME10,d8578edf8458ce06fbc5bb76a58c5ca4,CRAP
USERNAME,319f4d26e3c536b5dd871bb2c52e3178,SALT
USERNAME1,0f18fd4cf40bfb1dec646807c7fa5522,abcd
USERNAME2,482c811da5d5b4bc6d497ffa98491e38,1234
USERNAME3,0571749e2ac330a7455809c6b0e7af90,efgh
USERNAME4,81566e986cf8cc685a05ac5b634af7f8,5678
USERNAME5,098f6bcd4621d373cade4e832627b4f6,ijkl
USERNAME6,482c811da5d5b4bc6d497ffa98491e38,sdf2
USERNAME7,21232f297a57a5a743894a0e4a801fc3,Sa8t
USERNAME8,098f6bcd4621d373cade4e832627b4f6,HAGH
USERNAME9,900150983cd24fb0d6963f7d28e17f72,LOLW
USERNAME10,d8578edf8458ce06fbc5bb76a58c5ca4,CRAP
USERNAME,319f4d26e3c536b5dd871bb2c52e3178,SALT
USERNAME1,0f18fd4cf40bfb1dec646807c7fa5522,abcd
USERNAME2,482c811da5d5b4bc6d497ffa98491e38,1234
USERNAME3,0571749e2ac330a7455809c6b0e7af90,efgh
USERNAME4,81566e986cf8cc685a05ac5b634af7f8,5678
USERNAME5,098f6bcd4621d373cade4e832627b4f6,ijkl
USERNAME6,482c811da5d5b4bc6d497ffa98491e38,sdf2
USERNAME7,21232f297a57a5a743894a0e4a801fc3,Sa8t
USERNAME8,098f6bcd4621d373cade4e832627b4f6,HAGH
USERNAME9,900150983cd24fb0d6963f7d28e17f72,LOLW
USERNAME10,d8578edf8458ce06fbc5bb76a58c5ca4,CRAP
USERNAME,319f4d26e3c536b5dd871bb2c52e3178,SALT
USERNAME1,0f18fd4cf40bfb1dec646807c7fa5522,abcd
USERNAME2,482c811da5d5b4bc6d497ffa98491e38,1234
USERNAME3,0571749e2ac330a7455809c6b0e7af90,efgh
USERNAME4,81566e986cf8cc685a05ac5b634af7f8,5678
USERNAME5,098f6bcd4621d373cade4e832627b4f6,ijkl
USERNAME6,482c811da5d5b4bc6d497ffa98491e38,sdf2
USERNAME7,21232f297a57a5a743894a0e4a801fc3,Sa8t
USERNAME8,098f6bcd4621d373cade4e832627b4f6,HAGH
USERNAME9,900150983cd24fb0d6963f7d28e17f72,LOLW
USERNAME10,d8578edf8458ce06fbc5bb76a58c5ca4,CRAP
USERNAME,319f4d26e3c536b5dd871bb2c52e3178,SALT
USERNAME1,0f18fd4cf40bfb1dec646807c7fa5522,abcd
USERNAME2,482c811da5d5b4bc6d497ffa98491e38,1234
USERNAME3,0571749e2ac330a7455809c6b0e7af90,efgh
USERNAME4,81566e986cf8cc685a05ac5b634af7f8,5678
USERNAME5,098f6bcd4621d373cade4e832627b4f6,ijkl
USERNAME6,482c811da5d5b4bc6d497ffa98491e38,sdf2
USERNAME7,21232f297a57a5a743894a0e4a801fc3,Sa8t
USERNAME8,098f6bcd4621d373cade4e832627b4f6,HAGH
USERNAME9,900150983cd24fb0d6963f7d28e17f72,LOLW
USERNAME10,d8578edf8458ce06fbc5bb76a58c5ca4,CRAP
USERNAME,319f4d26e3c536b5dd871bb2c52e3178,SALT
USERNAME1,0f18fd4cf40bfb1dec646807c7fa5522,abcd
USERNAME2,482c811da5d5b4bc6d497ffa98491e38,1234
USERNAME3,0571749e2ac330a7455809c6b0e7af90,efgh
USERNAME4,81566e986cf8cc685a05ac5b634af7f8,5678
USERNAME5,098f6bcd4621d373cade4e832627b4f6,ijkl
USERNAME6,482c811da5d5b4bc6d497ffa98491e38,sdf2
USERNAME7,21232f297a57a5a743894a0e4a801fc3,Sa8t
USERNAME8,098f6bcd4621d373cade4e832627b4f6,HAGH
USERNAME9,900150983cd24fb0d6963f7d28e17f72,LOLW
USERNAME10,d8578edf8458ce06fbc5bb76a58c5ca4,CRAP
